
--------------------------------------------------------------------------------------------------------------------
		--DATOS APLICACION 
--------------------------------------------------------------------------------------------------------------------
insert into aplicacion (aplicacion_id, nombre, precio, compatible_gphone, compatible_gpad, compatible_gwatch) values (aplicacion_seq.nextval, 'Zontrax', 361.24, 0, 1, 0);
insert into aplicacion (aplicacion_id, nombre, precio, compatible_gphone, compatible_gpad, compatible_gwatch) values (aplicacion_seq.nextval, 'Bigtax', 31.30, 1, 0, 0);
insert into aplicacion (aplicacion_id, nombre, precio, compatible_gphone, compatible_gpad, compatible_gwatch) values (aplicacion_seq.nextval, 'Y-find', 679.59, 1, 1, 0);
insert into aplicacion (aplicacion_id, nombre, precio, compatible_gphone, compatible_gpad, compatible_gwatch) values (aplicacion_seq.nextval, 'Bamity', 603.77, 1, 0, 0);
insert into aplicacion (aplicacion_id, nombre, precio, compatible_gphone, compatible_gpad, compatible_gwatch) values (aplicacion_seq.nextval, 'Graphtoe', 56.50, 1, 1, 0);
insert into aplicacion (aplicacion_id, nombre, precio, compatible_gphone, compatible_gpad, compatible_gwatch) values (aplicacion_seq.nextval, 'Wrapsafe', 440.53, 0, 0, 1);
insert into aplicacion (aplicacion_id, nombre, precio, compatible_gphone, compatible_gpad, compatible_gwatch) values (aplicacion_seq.nextval, 'Tampflex', 344.81, 0, 1, 0);
insert into aplicacion (aplicacion_id, nombre, precio, compatible_gphone, compatible_gpad, compatible_gwatch) values (aplicacion_seq.nextval, 'Stim', 378.72, 1, 0, 1);
insert into aplicacion (aplicacion_id, nombre, precio, compatible_gphone, compatible_gpad, compatible_gwatch) values (aplicacion_seq.nextval, 'Greenlam', 547.94, 1, 0, 0);
insert into aplicacion (aplicacion_id, nombre, precio, compatible_gphone, compatible_gpad, compatible_gwatch) values (aplicacion_seq.nextval, 'Viva', 800.84, 0, 0, 1);
insert into aplicacion (aplicacion_id, nombre, precio, compatible_gphone, compatible_gpad, compatible_gwatch) values (aplicacion_seq.nextval, 'Pannier', 375.56, 1, 0, 0);
insert into aplicacion (aplicacion_id, nombre, precio, compatible_gphone, compatible_gpad, compatible_gwatch) values (aplicacion_seq.nextval, 'Bytecard', 422.08, 0, 1, 1);
insert into aplicacion (aplicacion_id, nombre, precio, compatible_gphone, compatible_gpad, compatible_gwatch) values (aplicacion_seq.nextval, 'Konklux', 867.09, 0, 1, 1);
insert into aplicacion (aplicacion_id, nombre, precio, compatible_gphone, compatible_gpad, compatible_gwatch) values (aplicacion_seq.nextval, 'Zaam-Dox', 385.66, 0, 1, 0);
insert into aplicacion (aplicacion_id, nombre, precio, compatible_gphone, compatible_gpad, compatible_gwatch) values (aplicacion_seq.nextval, 'Rank', 292.51, 0, 0, 1);
insert into aplicacion (aplicacion_id, nombre, precio, compatible_gphone, compatible_gpad, compatible_gwatch) values (aplicacion_seq.nextval, 'Alpha', 230.77, 0, 1, 0);
insert into aplicacion (aplicacion_id, nombre, precio, compatible_gphone, compatible_gpad, compatible_gwatch) values (aplicacion_seq.nextval, 'Ronstring', 867.24, 1, 0, 0);
insert into aplicacion (aplicacion_id, nombre, precio, compatible_gphone, compatible_gpad, compatible_gwatch) values (aplicacion_seq.nextval, 'Stringtough', 717.81, 0, 0, 0);
insert into aplicacion (aplicacion_id, nombre, precio, compatible_gphone, compatible_gpad, compatible_gwatch) values (aplicacion_seq.nextval, 'Konklab', 725.13, 0, 0, 0);
insert into aplicacion (aplicacion_id, nombre, precio, compatible_gphone, compatible_gpad, compatible_gwatch) values (aplicacion_seq.nextval, 'MessagesGy', 864.16, 1, 0, 1);
insert into aplicacion (aplicacion_id, nombre, precio, compatible_gphone, compatible_gpad, compatible_gwatch) values (aplicacion_seq.nextval, 'Fintone', 869.88, 0, 0, 1);
insert into aplicacion (aplicacion_id, nombre, precio, compatible_gphone, compatible_gpad, compatible_gwatch) values (aplicacion_seq.nextval, 'Stronghold', 836.64, 1, 0, 1);
insert into aplicacion (aplicacion_id, nombre, precio, compatible_gphone, compatible_gpad, compatible_gwatch) values (aplicacion_seq.nextval, 'GameOs', 750.01, 0, 0, 0);
insert into aplicacion (aplicacion_id, nombre, precio, compatible_gphone, compatible_gpad, compatible_gwatch) values (aplicacion_seq.nextval, 'ArmyStol', 836.68, 0, 1, 1);
insert into aplicacion (aplicacion_id, nombre, precio, compatible_gphone, compatible_gpad, compatible_gwatch) values (aplicacion_seq.nextval, 'Keylex', 376.60, 1, 0, 1);
insert into aplicacion (aplicacion_id, nombre, precio, compatible_gphone, compatible_gpad, compatible_gwatch) values (aplicacion_seq.nextval, 'Quo Lux', 935.78, 0, 0, 0);
insert into aplicacion (aplicacion_id, nombre, precio, compatible_gphone, compatible_gpad, compatible_gwatch) values (aplicacion_seq.nextval, 'Regrant', 260.64, 0, 0, 1);
insert into aplicacion (aplicacion_id, nombre, precio, compatible_gphone, compatible_gpad, compatible_gwatch) values (aplicacion_seq.nextval, 'Otcom', 878.42, 1, 1, 1);


--------------------------------------------------------------------------------------------------------------------
		--DATOS CLIENTE
---------------------------------------------------------------------------------------------------------------------
insert into cliente(cliente_id,email,rfc,nombre,ap_materno,ap_paterno,password)
	values(cliente_seq.nextval,'eu.odio@quismassaMauris.edu','1660050175','Samuel','Demetrius','Penelope','SZN98QNC2JU');
insert into cliente(cliente_id,email,rfc,nombre,ap_materno,ap_paterno,password)
	values(cliente_seq.nextval,'nisi.magna.sed@Aenean.org','1697021699','Darryl','Kennedy','Laura','LOY05JQH3QE');
insert into cliente(cliente_id,email,rfc,nombre,ap_materno,ap_paterno,password)
	values(cliente_seq.nextval,'sollicitudin@ridiculusmusDonec.ca','1683031399','Cole','Flynn','Candace','LGL50ECP5WY');
insert into cliente(cliente_id,email,rfc,nombre,ap_materno,ap_paterno,password)
	values(cliente_seq.nextval,'tortor.dictum@utpellentesqueeget.edu','1691045499','Orson','Mufutau','Nayda','LLM89BJS0PT');
insert into cliente(cliente_id,email,rfc,nombre,ap_materno,ap_paterno,password)
	values(cliente_seq.nextval,'mi@ligulatortor.com','1603107699','Hamish','Colorado','Christen','AYZ47UTF5MO');
insert into cliente(cliente_id,email,rfc,nombre,ap_materno,ap_paterno,password)
	values(cliente_seq.nextval,'se@ligdrtor.com','1483031309','Seinfield','Potter','Constanza','SEC7UZF5AO');
insert into cliente(cliente_id,email,rfc,nombre,ap_materno,ap_paterno,password)
	values(cliente_seq.nextval,'teenchunji@ligdrtor.com','0480031309','Chunji','krammer','Seifail','CHKRUZF0AO');


--------------------------------------------------------------------------------------------------------------------
		--DATOS TARJETA DE CREDITO
---------------------------------------------------------------------------------------------------------------------
insert into tarjeta_credito(tarjeta_id,numero,tipo,anio_expira,mes_expira,cliente_id)
	values(tarjeta_seq.nextval,'0583896025656427','MC',30,07,1);
insert into tarjeta_credito(tarjeta_id,numero,tipo,anio_expira,mes_expira,cliente_id)
	values(tarjeta_seq.nextval,'4275383446915569','AE',19,09,2);
insert into tarjeta_credito(tarjeta_id,numero,tipo,anio_expira,mes_expira,cliente_id)
	values(tarjeta_seq.nextval,'9377151487825607','V',18,03,3);
insert into tarjeta_credito(tarjeta_id,numero,tipo,anio_expira,mes_expira,cliente_id)
	values(tarjeta_seq.nextval,'1796844697675102','MC',20,09,4);
insert into tarjeta_credito(tarjeta_id,numero,tipo,anio_expira,mes_expira,cliente_id)
	values(tarjeta_seq.nextval,'6442971356583402','V',22,03,5);


--------------------------------------------------------------------------------------------------------------------
		--DATOS VERSION-APLICACION
---------------------------------------------------------------------------------------------------------------------
insert into version_aplicacion(version_id,aplicacion_id,descripcion,fecha_liberacion)
	values('1.0.0',1,'Primera version',to_date('2016/01/07 19:13:09','yyyy/mm/dd hh24:mi:ss'));
insert into version_aplicacion(version_id,aplicacion_id,descripcion,fecha_liberacion)
	values('1.8.5',1,'Se han añadido mas funciones',to_date('2017/08/04 03:44:44','yyyy/mm/dd hh24:mi:ss'));
insert into version_aplicacion(version_id,aplicacion_id,descripcion,fecha_liberacion)
	values('1.4.8',24,'Correccion de Errores',to_date('2018/03/21 11:04:57','yyyy/mm/dd hh24:mi:ss'));
insert into version_aplicacion(version_id,aplicacion_id,descripcion,fecha_liberacion)
	values('1.0.2',24,'Se ha mejorado la aplicacion',to_date('2017/12/09 00:05:24','yyyy/mm/dd hh24:mi:ss'));
insert into version_aplicacion(version_id,aplicacion_id,descripcion,fecha_liberacion)
	values('1.9.5',2,'Correccion de Errores',to_date('2018/04/24 14:55:21','yyyy/mm/dd hh24:mi:ss'));


--------------------------------------------------------------------------------------------------------------------
		--DATOS COLOR
---------------------------------------------------------------------------------------------------------------------
insert into color (color_ID, codigo_RGB, NOMBRE)
values( color_seq.nextval, '255,000,000', 'ROJO');
insert into color (color_ID, codigo_RGB, NOMBRE)
values( color_seq.nextval, '000,255,000', 'VERDE');
insert into color (color_ID, codigo_RGB, NOMBRE)
values( color_seq.nextval, '000,166,200', 'AZUL');

--------------------------------------------------------------------------------------------------------------------
		--DATOS MATERIAL_CORREA
---------------------------------------------------------------------------------------------------------------------
insert into  MATERIAL_CORREA(MATERIAL_CORREA_ID, DESCRIPCION, TIPO_C)
values(material_seq.nextval, 'MADREA', 'D');
insert into  MATERIAL_CORREA(MATERIAL_CORREA_ID, DESCRIPCION, TIPO_C)
values(material_seq.nextval, 'PIEL', 'F');
insert into  MATERIAL_CORREA(MATERIAL_CORREA_ID, DESCRIPCION, TIPO_C)
values(material_seq.nextval, 'PLASTICO', 'F');
insert into  MATERIAL_CORREA(MATERIAL_CORREA_ID, DESCRIPCION, TIPO_C)
values(material_seq.nextval, 'METAL', 'D');

--------------------------------------------------------------------------------------------------------------------
		--DATOS EMPRESA_TELEFONICA
---------------------------------------------------------------------------------------------------------------------
insert into empresa_telefonica(empresa_telefonica_id,nombre,direccion_fiscal,logo)
	values(empresa_seq.nextval,'Unefon','721 Proin Rd.','43'||'41'||'52');
insert into empresa_telefonica(empresa_telefonica_id,nombre,direccion_fiscal,logo)
	values(empresa_seq.nextval,'Movistar','Ap #584-5639 Aliquam Rd.','43'||'41'||'52');

--------------------------------------------------------------------------------------------------------------------
		--DATOS PROPIEDAD_PANTALLA
---------------------------------------------------------------------------------------------------------------------
insert into propiedad_pantalla(propiedad_pantalla_id, clave, descripcion)
	values (pantalla_seq.nextval, '3D Touch','Pantalla 3D Touch');
insert into propiedad_pantalla(propiedad_pantalla_id, clave, descripcion)
	values (pantalla_seq.nextval, 'Ultra Render','Pantalla Ultra Render');
insert into propiedad_pantalla(propiedad_pantalla_id, clave, descripcion)
	values (pantalla_seq.nextval, 'High Sensibility Touch','Pantalla High Sensibility Touch');
insert into propiedad_pantalla(propiedad_pantalla_id, clave, descripcion)
	values (pantalla_seq.nextval, '4K Definition','Pantalla 4K Definition');
insert into propiedad_pantalla(propiedad_pantalla_id, clave, descripcion)
	values (pantalla_seq.nextval, 'Display 14.0','Pantalla display 14.0 slim');

--------------------------------------------------------------------------------------------------------------------
		--DATOS STATUS_DISPOSITIVO
---------------------------------------------------------------------------------------------------------------------
insert into status_dispositivo(status_dispositivo_id, clave, descripcion)
	values (status_dis_seq.nextval, 'PF', 'Dispositivo por fabricar');
insert into status_dispositivo(status_dispositivo_id, clave, descripcion)
	values (status_dis_seq.nextval, 'DE', 'Dispositivo defectuoso');
insert into status_dispositivo(status_dispositivo_id, clave, descripcion)
	values (status_dis_seq.nextval, 'RE', 'Dispositivo retirado');
insert into status_dispositivo(status_dispositivo_id, clave, descripcion)
	values (status_dis_seq.nextval, 'DI', 'Dispositivo disponible');
insert into status_dispositivo(status_dispositivo_id, clave, descripcion)
	values (status_dis_seq.nextval, 'AS', 'Dispositivo asignado');
insert into status_dispositivo(status_dispositivo_id, clave, descripcion)
	values (status_dis_seq.nextval, 'ER', 'Dispositivo en reparación');
insert into status_dispositivo(status_dispositivo_id, clave, descripcion)
	values (status_dis_seq.nextval, 'RP', 'Dispositivo reparado');
insert into status_dispositivo(status_dispositivo_id, clave, descripcion)
	values (status_dis_seq.nextval, 'EN', 'Dispositivo entregado');
insert into status_dispositivo(status_dispositivo_id, clave, descripcion)
	values (status_dis_seq.nextval, 'SA', 'Dispositivo sin arreglo');

--------------------------------------------------------------------------------------------------------------------
		--DATOS DISPOSITIVO
---------------------------------------------------------------------------------------------------------------------
insert into dispositivo (dispositivo_id, num_serie, cap_almacenamiento, cap_memoria, tipo, precio, fecha_status, cliente_id, status_dispositivo_id) values (dispositivo_seq.nextval, '12032', 796.49, 622.72, 'ph', 3862003.34, '22/10/2013', 4, 8);
insert into dispositivo (dispositivo_id, num_serie, cap_almacenamiento, cap_memoria, tipo, precio, fecha_status, cliente_id, status_dispositivo_id) values (dispositivo_seq.nextval, '12045', 810.42, 327.1, 'ph', 3577768.77, '08/06/2014', 3, 9);
insert into dispositivo (dispositivo_id, num_serie, cap_almacenamiento, cap_memoria, tipo, precio, fecha_status, cliente_id, status_dispositivo_id) values (dispositivo_seq.nextval, '12058', 216.49, 524.44, 'pa', 8461174.0, '02/05/2015', 4, 8);
insert into dispositivo (dispositivo_id, num_serie, cap_almacenamiento, cap_memoria, tipo, precio, fecha_status, cliente_id, status_dispositivo_id) values (dispositivo_seq.nextval, '12071', 287.24, 351.73, 'wa', 1764832.36, '13/01/2016', 2, 2);
insert into dispositivo (dispositivo_id, num_serie, cap_almacenamiento, cap_memoria, tipo, precio, fecha_status, cliente_id, status_dispositivo_id) values (dispositivo_seq.nextval, '12084', 366.21, 173.76, 'wa', 6006564.47, '04/06/2016', 5, 3);
insert into dispositivo (dispositivo_id, num_serie, cap_almacenamiento, cap_memoria, tipo, precio, fecha_status, cliente_id, status_dispositivo_id) values (dispositivo_seq.nextval, '12097', 965.45, 498.53, 'ph', 716653.62, '30/04/2018', 1, 3);
insert into dispositivo (dispositivo_id, num_serie, cap_almacenamiento, cap_memoria, tipo, precio, fecha_status, cliente_id, status_dispositivo_id) values (dispositivo_seq.nextval, '12110', 779.42, 270.92, 'wa', 83229.8, '01/04/2018', 3, 3);
insert into dispositivo (dispositivo_id, num_serie, cap_almacenamiento, cap_memoria, tipo, precio, fecha_status, cliente_id, status_dispositivo_id) values (dispositivo_seq.nextval, '12123', 500.86, 734.78, 'ph', 2236697.0, '24/11/2016', 5, 4);
insert into dispositivo (dispositivo_id, num_serie, cap_almacenamiento, cap_memoria, tipo, precio, fecha_status, cliente_id, status_dispositivo_id) values (dispositivo_seq.nextval, '12136', 729.24, 20.54, 'ph', 2035574.45, '02/12/2017', 5, 9);
insert into dispositivo (dispositivo_id, num_serie, cap_almacenamiento, cap_memoria, tipo, precio, fecha_status, cliente_id, status_dispositivo_id) values (dispositivo_seq.nextval, '12149', 444.04, 844.65, 'pa', 5492143.0, '03/01/2017', 5, 9);

------------------------------------
insert into dispositivo (dispositivo_id, num_serie, cap_almacenamiento, cap_memoria, tipo, precio, fecha_status, cliente_id, status_dispositivo_id) values (dispositivo_seq.nextval, '10986', 123.04, 834.15, 'pa', 9212143.0, '14/02/2017', 6, 8);

insert into dispositivo (dispositivo_id, num_serie, cap_almacenamiento, cap_memoria, tipo, precio, fecha_status, cliente_id, status_dispositivo_id) values (dispositivo_seq.nextval, '42549', 464.04, 204.65, 'pa', 6742143.0, '01/11/2010', 6, 8);
insert into dispositivo (dispositivo_id, num_serie, cap_almacenamiento, cap_memoria, tipo, precio, fecha_status, cliente_id, status_dispositivo_id) values (dispositivo_seq.nextval, '50349', 424.04, 584.68, 'pa', 9892145.0, '23/01/2007', 6, 8);
insert into dispositivo (dispositivo_id, num_serie, cap_almacenamiento, cap_memoria, tipo, precio, fecha_status, cliente_id, status_dispositivo_id) values (dispositivo_seq.nextval, '42786', 123.04, 842.75, 'pa', 2022143.0, '14/02/2017', 6, 8);

insert into dispositivo (dispositivo_id, num_serie, cap_almacenamiento, cap_memoria, tipo, precio, fecha_status, cliente_id, status_dispositivo_id) values (dispositivo_seq.nextval, '42542', 424.04, 404.68, 'pa', 6795113.0, '22/12/2010', 6, 8);
insert into dispositivo (dispositivo_id, num_serie, cap_almacenamiento, cap_memoria, tipo, precio, fecha_status, cliente_id, status_dispositivo_id) values (dispositivo_seq.nextval, '50149', 424.04, 284.65, 'pa', 9842143.0, '03/05/2005', 6, 8);
insert into dispositivo (dispositivo_id, num_serie, cap_almacenamiento, cap_memoria, tipo, precio, fecha_status, cliente_id, status_dispositivo_id) values (dispositivo_seq.nextval, '02986', 123.04, 812.75, 'ph', 2012143.1, '14/02/2017', 6, 8);

insert into dispositivo (dispositivo_id, num_serie, cap_almacenamiento, cap_memoria, tipo, precio, fecha_status, cliente_id, status_dispositivo_id) values (dispositivo_seq.nextval, '00352', 414.04, 414.68, 'ph', 6195141.0, '24/12/2001', 6, 8);
insert into dispositivo (dispositivo_id, num_serie, cap_almacenamiento, cap_memoria, tipo, precio, fecha_status, cliente_id, status_dispositivo_id) values (dispositivo_seq.nextval, '50189', 724.01, 184.65, 'wa', 9802113.0, '24/02/2000', 6, 8);
----------------------------------------------------
insert into dispositivo (dispositivo_id, num_serie, cap_almacenamiento, cap_memoria, tipo, precio, fecha_status, cliente_id, status_dispositivo_id) values (dispositivo_seq.nextval, '12986', 123.04, 834.15, 'wa', 1202143.0, '11/02/2017', 7, 6);

insert into dispositivo (dispositivo_id, num_serie, cap_almacenamiento, cap_memoria, tipo, precio, fecha_status, cliente_id, status_dispositivo_id) values (dispositivo_seq.nextval, '42529', 464.04, 204.65, 'wa', 6042143.0, '01/11/2011', 7, 6);
insert into dispositivo (dispositivo_id, num_serie, cap_almacenamiento, cap_memoria, tipo, precio, fecha_status, cliente_id, status_dispositivo_id) values (dispositivo_seq.nextval, '20349', 424.04, 584.68, 'ph', 1892045.0, '23/01/2001', 7, 6);
insert into dispositivo (dispositivo_id, num_serie, cap_almacenamiento, cap_memoria, tipo, precio, fecha_status, cliente_id, status_dispositivo_id) values (dispositivo_seq.nextval, '22786', 123.04, 842.75, 'pa', 2002143.0, '11/02/2017', 7, 6);


--------------------------------------------------------------------------------------------------------------------
		--DATOS GPhone
---------------------------------------------------------------------------------------------------------------------
insert into GPhone (dispositivo_id, num_telefono, cap_camara_trasera, cap_camara_delantera, empresa_telefonica_id) values (1, '5545527229', 8, 25, 1);
insert into GPhone (dispositivo_id, num_telefono, cap_camara_trasera, cap_camara_delantera, empresa_telefonica_id) values (2, '5547209960', 35, 36, 1);
insert into GPhone (dispositivo_id, num_telefono, cap_camara_trasera, cap_camara_delantera, empresa_telefonica_id) values (6, '5547748239', 12, 26, 2);
insert into GPhone (dispositivo_id, num_telefono, cap_camara_trasera, cap_camara_delantera, empresa_telefonica_id) values (8, '5599771056', 27, 33, 2);
insert into GPhone (dispositivo_id, num_telefono, cap_camara_trasera, cap_camara_delantera, empresa_telefonica_id) values (9, '5575401314', 40, 39, 2);

--------------------------------------------------------------------------------------------------------------------
		--DATOS GWatch
--------------------------------------------------------------------------------------------------------------------
insert into GWatch (dispositivo_id, forma, color_ID, MATERIAL_CORREA_ID) values (4, 'c', 2, 2);	
insert into GWatch (dispositivo_id, forma, color_ID, MATERIAL_CORREA_ID) values (5, 'r', 3, 1);
insert into GWatch (dispositivo_id, forma, color_ID, MATERIAL_CORREA_ID) values (7, 't', 2, 1);
----
insert into GWatch (dispositivo_id, forma, color_ID, MATERIAL_CORREA_ID) values (19, 'c', 3, 3);	
insert into GWatch (dispositivo_id, forma, color_ID, MATERIAL_CORREA_ID) values (20, 'r', 3, 2);
insert into GWatch (dispositivo_id, forma, color_ID, MATERIAL_CORREA_ID) values (21, 't', 2, 2);

--------------------------------------------------------------------------------------------------------------------
		--DATOS GPad
--------------------------------------------------------------------------------------------------------------------
insert into GPad (dispositivo_id, cap_camara_delantera, cap_camara_trasera) values (3, 35, 40);
insert into GPad (dispositivo_id, cap_camara_delantera, cap_camara_trasera) values (10, 10, 60);

--------------------------------------------------------------------------------------------------------------------
		--DATOS GPad_Propiedad_pantalla
--------------------------------------------------------------------------------------------------------------------
insert into GPad_Propiedad_pantalla (Gpad_p_pantalla_id, propiedad_pantalla_id, dispositivo_id) values (GPad_Propiedad_pantalla_seq.nextval, 1, 3);

--------------------------------------------------------------------------------------------------------------------
		--DATOS Aplicacion_Dispositivo
--------------------------------------------------------------------------------------------------------------------
insert into Aplicacion_Dispositivo (Aplicacion_Dispositivo_id, fecha_instalacion, actualizada, dispositivo_id, aplicacion_id)
	values (Aplicacion_Dispositivo_id_seq.nextval, sysdate, 1, 3, 8);
insert into Aplicacion_Dispositivo (Aplicacion_Dispositivo_id, fecha_instalacion, actualizada, dispositivo_id, aplicacion_id)
	values (Aplicacion_Dispositivo_id_seq.nextval, sysdate, 0, 8, 3);
insert into Aplicacion_Dispositivo (Aplicacion_Dispositivo_id, fecha_instalacion, actualizada, dispositivo_id, aplicacion_id)
	values (Aplicacion_Dispositivo_id_seq.nextval, sysdate, 0, 8, 6);
insert into Aplicacion_Dispositivo (Aplicacion_Dispositivo_id, fecha_instalacion, actualizada, dispositivo_id, aplicacion_id)
	values (Aplicacion_Dispositivo_id_seq.nextval, sysdate, 1, 2, 9);
insert into Aplicacion_Dispositivo (Aplicacion_Dispositivo_id, fecha_instalacion, actualizada, dispositivo_id, aplicacion_id)
	values (Aplicacion_Dispositivo_id_seq.nextval, sysdate, 0, 1, 1);

--------------------------------------------------------------------------------------------------------------------
		--DATOS Historico_status_dispositivo
--------------------------------------------------------------------------------------------------------------------
insert into Historico_status_dispositivo (historico_disp_id, fecha_status, status_dispositivo_id, dispositivo_id)
	values (hist_stat_disp_seq.nextval, sysdate, 4, 5);
insert into Historico_status_dispositivo (historico_disp_id, fecha_status, status_dispositivo_id, dispositivo_id)
	values (hist_stat_disp_seq.nextval, sysdate, 1, 1);
insert into Historico_status_dispositivo (historico_disp_id, fecha_status, status_dispositivo_id, dispositivo_id)
	values (hist_stat_disp_seq.nextval, sysdate, 6, 1);

--------------------------------------------------------------------------------------------------------------------
		--DATOS Poliza
--------------------------------------------------------------------------------------------------------------------
insert into Poliza (poliza_id, folio, fecha_inicio, fecha_fin, contrato_pdf, dispositivo_id, poliza_anterior) values (poliza_seq.nextval, 8450, '21/12/2016', '26/12/2017', '43'||'41'||'52', 4, null);
insert into Poliza (poliza_id, folio, fecha_inicio, fecha_fin, contrato_pdf, dispositivo_id, poliza_anterior) values (poliza_seq.nextval, 1156, '26/12/2017', '17/08/2019', '43'||'41'||'52', 4, 1);
insert into Poliza (poliza_id, folio, fecha_inicio, fecha_fin, contrato_pdf, dispositivo_id, poliza_anterior) values (poliza_seq.nextval, 6373, '06/08/2017', '18/08/2019', '43'||'41'||'52', 7, null);
insert into Poliza (poliza_id, folio, fecha_inicio, fecha_fin, contrato_pdf, dispositivo_id, poliza_anterior) values (poliza_seq.nextval, 5919, '05/02/2017', '24/08/2019', '43'||'41'||'52', 9, null);
insert into Poliza (poliza_id, folio, fecha_inicio, fecha_fin, contrato_pdf, dispositivo_id, poliza_anterior) values (poliza_seq.nextval, 2718, '06/08/2016', '18/10/2017', '43'||'41'||'52', 1, null);
insert into Poliza (poliza_id, folio, fecha_inicio, fecha_fin, contrato_pdf, dispositivo_id, poliza_anterior) values (poliza_seq.nextval, 9910, '18/10/2017', '09/07/2019', '43'||'41'||'52', 1, 5);
insert into Poliza (poliza_id, folio, fecha_inicio, fecha_fin, contrato_pdf, dispositivo_id, poliza_anterior) values (poliza_seq.nextval, 8982, '30/09/2016', '12/10/2018', '43'||'41'||'52', 6, null);
insert into Poliza (poliza_id, folio, fecha_inicio, fecha_fin, contrato_pdf, dispositivo_id, poliza_anterior) values (poliza_seq.nextval, 7465, '13/08/2017', '11/06/2019', '43'||'41'||'52', 4, null);
insert into Poliza (poliza_id, folio, fecha_inicio, fecha_fin, contrato_pdf, dispositivo_id, poliza_anterior) values (poliza_seq.nextval, 2124, '06/09/2007', '26/12/2007', '43'||'41'||'52', 23, null);
insert into Poliza (poliza_id, folio, fecha_inicio, fecha_fin, contrato_pdf, dispositivo_id, poliza_anterior) values (poliza_seq.nextval, 2161, '26/07/2018', '03/11/2019', '43'||'41'||'52', 8, 9);
----------------------
insert into Poliza (poliza_id, folio, fecha_inicio, fecha_fin, contrato_pdf, dispositivo_id, poliza_anterior) values (poliza_seq.nextval, 3111, '12/07/2011', '12/10/2011', '41'||'11'||'52', 20, null);
insert into Poliza (poliza_id, folio, fecha_inicio, fecha_fin, contrato_pdf, dispositivo_id, poliza_anterior) values (poliza_seq.nextval, 7105, '13/08/2011', '11/01/2013', '53'||'01'||'52', 21, null);
insert into Poliza (poliza_id, folio, fecha_inicio, fecha_fin, contrato_pdf, dispositivo_id, poliza_anterior) values (poliza_seq.nextval, 0121, '06/01/2012', '26/07/2013', '43'||'41'||'52', 22, null);
insert into Poliza (poliza_id, folio, fecha_inicio, fecha_fin, contrato_pdf, dispositivo_id, poliza_anterior) values (poliza_seq.nextval, 1061, '16/02/2008', '03/11/2010', '03'||'01'||'50', 23, 9);
----------------------
insert into Poliza (poliza_id, folio, fecha_inicio, fecha_fin, contrato_pdf, dispositivo_id, poliza_anterior) values (poliza_seq.nextval, 8923, '12/10/2011', '22/11/2013', '03'||'51'||'52', 20, 11);
insert into Poliza (poliza_id, folio, fecha_inicio, fecha_fin, contrato_pdf, dispositivo_id, poliza_anterior) values (poliza_seq.nextval, 3105, '11/01/2013', '01/07/2016', '83'||'01'||'92', 21, 12);
insert into Poliza (poliza_id, folio, fecha_inicio, fecha_fin, contrato_pdf, dispositivo_id, poliza_anterior) values (poliza_seq.nextval, 0131, '26/07/2013', '16/01/2014', '43'||'41'||'52', 22, 13);
insert into Poliza (poliza_id, folio, fecha_inicio, fecha_fin, contrato_pdf, dispositivo_id, poliza_anterior) values (poliza_seq.nextval, 1361, '03/11/2010', '23/12/2017', '93'||'01'||'50', 23, 14);


